order_id,date,product_name,quantity
811-64-5910,2022-03-31,Rice - Basmati,22
180-11-0541,2022-03-30,"Apple - Delicious, Golden",67
146-85-9195,2022-04-09,"Wine - White, Schroder And Schyl",69
544-02-3061,2022-03-29,Eggplant Italian,97
512-10-7471,2022-06-12,Potatoes - Mini White 3 Oz,1
538-63-6447,2022-04-25,"Wine - Harrow Estates, Vidal",99
336-29-0976,2022-06-15,"Thyme - Lemon, Fresh",78
293-14-5062,2022-05-12,Beef Ground Medium,63
758-09-1655,2022-06-01,Wine - Rosso Del Veronese Igt,82
723-10-3736,2022-03-18,Pasta - Agnolotti - Butternut,46
229-95-0317,2022-06-13,Wine - Zinfandel Rosenblum,15
481-25-7163,2022-06-02,Tomato - Tricolor Cherry,46
246-23-3390,2022-03-22,Chicken Breast Halal,87
644-36-2279,2022-06-28,Kellogs All Bran Bars,54
599-05-7757,2022-05-18,Muffin Hinge - 211n,6
247-68-9333,2022-05-20,"Carrots - Purple, Organic",51
431-73-0174,2022-06-07,"Bar Mix - Pina Colada, 355 Ml",41
476-33-6521,2022-04-01,Fennel,41
339-76-1106,2022-03-22,Sorrel - Fresh,67
479-63-9949,2022-05-23,"Chestnuts - Whole,canned",72
280-90-9233,2022-03-04,"Pasta - Elbows, Macaroni, Dry",1
407-52-8033,2022-06-16,Wine - Fume Blanc Fetzer,67
147-75-5497,2022-05-18,Butter - Pod,17
153-82-5012,2022-06-05,Wine - Coteaux Du Tricastin Ac,72
534-86-4362,2022-03-24,Carbonated Water - Blackcherry,42
522-59-9921,2022-04-04,"Pork - Back, Short Cut, Boneless",88
817-32-1351,2022-04-23,"Crab - Blue, Frozen",20
610-04-7995,2022-04-17,Buffalo - Striploin,80
608-70-6652,2022-05-22,Shiro Miso,73
779-50-9916,2022-05-03,Pan Grease,47
687-08-4888,2022-03-14,Wine - Vidal Icewine Magnotta,41
343-87-0073,2022-06-03,Vinegar - Champagne,79
797-96-9075,2022-03-17,Wine - Pinot Grigio Collavini,26
847-59-7597,2022-06-26,General Purpose Trigger,20
689-79-8179,2022-05-03,"Loaf Pan - 2 Lb, Foil",52
398-97-3805,2022-06-04,Lettuce - California Mix,16
807-85-0256,2022-03-19,"Turkey - Breast, Boneless Sk On",42
212-02-6898,2022-05-18,Breakfast Quesadillas,26
808-29-1220,2022-06-01,Beans - Fava Fresh,16
683-99-3831,2022-03-30,Bread - Pumpernickel,44
853-47-2358,2022-05-19,"Wine - Red, Black Opal Shiraz",1
281-06-2489,2022-06-14,Fish - Bones,35
822-84-5313,2022-06-10,Chevere Logs,6
830-16-8008,2022-06-06,Longos - Lasagna Beef,66
127-59-8909,2022-05-25,"Nut - Pecan, Halves",58
717-96-2034,2022-06-09,Lettuce - Iceberg,59
874-84-1326,2022-06-06,Lettuce - Baby Salad Greens,53
288-12-8744,2022-03-22,Smirnoff Green Apple Twist,18
750-65-4211,2022-03-28,Cheese - La Sauvagine,8
630-93-0429,2022-03-24,Tea - Camomele,49
101-22-0905,2022-04-26,Snapple - Iced Tea Peach,18
301-89-5985,2022-06-27,Cheese - Perron Cheddar,13
570-77-3792,2022-04-08,Muffin - Banana Nut Individual,12
562-78-1964,2022-06-17,"Tomatoes - Plum, Canned",52
851-39-0108,2022-04-20,Skirt - 29 Foot,84
742-91-8198,2022-04-10,Salmon - Sockeye Raw,73
645-17-0921,2022-06-18,"Sauce - Soya, Light",61
814-77-8588,2022-06-03,Corn - Mini,42
115-92-4953,2022-04-08,Beef - Ground Lean Fresh,20
715-44-9413,2022-03-21,Couscous,40
753-09-1577,2022-04-09,"Syrup - Monin, Irish Cream",12
637-22-6878,2022-05-19,Salt - Seasoned,23
389-74-9918,2022-06-19,Wine - Cabernet Sauvignon,73
554-95-0515,2022-03-01,Steampan - Lid For Half Size,4
154-20-7699,2022-03-12,Ecolab - Hand Soap Form Antibac,61
591-64-6558,2022-04-28,Whmis Spray Bottle Graduated,38
452-72-9621,2022-04-10,Jameson Irish Whiskey,2
132-42-5414,2022-06-24,Flour - Strong,46
589-30-1996,2022-05-02,"Pork - Chop, Frenched",47
159-08-5584,2022-03-01,Bamboo Shoots - Sliced,59
215-94-1071,2022-05-13,Lobster - Cooked,74
805-61-9059,2022-05-29,Wine - Crozes Hermitage E.,89
617-82-0694,2022-05-17,Bagelers,52
882-65-5329,2022-06-01,Hummus - Spread,66
510-12-9992,2022-05-07,Dish Towel,48
638-54-2746,2022-04-02,Containter - 3oz Microwave Rect.,51
716-21-5640,2022-03-26,Container - Clear 16 Oz,65
472-43-7467,2022-05-29,Vaccum Bag - 14x20,9
634-10-9582,2022-05-27,"Juice - Pineapple, 341 Ml",29
538-39-7354,2022-05-28,Trout - Smoked,31
254-28-9423,2022-05-07,Potatoes - Yukon Gold 5 Oz,5
273-02-4981,2022-06-26,Madeira,73
415-56-7196,2022-03-31,Rice - Sushi,90
286-21-5855,2022-04-02,Corn Meal,26
389-25-6925,2022-03-04,Muffin Mix - Corn Harvest,5
722-16-8054,2022-06-03,Cheese Cloth No 100,5
169-22-6407,2022-05-16,Coffee - Dark Roast,12
657-01-0288,2022-05-09,Allspice - Jamaican,23
551-13-4523,2022-06-05,Cream Of Tartar,10
616-90-8881,2022-04-16,Veal Inside - Provimi,86
517-47-6286,2022-06-19,"Chocolate - Pistoles, Lactee, Milk",13
232-22-6992,2022-05-05,"Bread - Dark Rye, Loaf",71
676-46-1367,2022-04-05,Chives - Fresh,42
570-75-5803,2022-05-27,Potatoes - Mini White 3 Oz,42
223-59-5060,2022-06-23,Plastic Wrap,42
129-79-0434,2022-04-21,Daikon Radish,61
729-80-7796,2022-03-27,Cake - Sheet Strawberry,91
232-30-1483,2022-03-12,Initation Crab Meat,75
850-50-7688,2022-06-09,Worcestershire Sauce,11
865-98-0710,2022-04-10,Corn Syrup,59
567-52-9735,2022-04-14,Pasta - Cheese / Spinach Bauletti,27
324-31-2633,2022-05-25,Soup - Campbellschix Stew,99
605-09-5596,2022-06-08,Bagel - Everything Presliced,54
850-52-9824,2022-05-26,"Mushroom - Porcini, Dry",34
264-83-6090,2022-04-09,Pastry - Apple Large,52
102-65-0198,2022-05-15,Carrots - Mini Red Organic,26
357-50-6604,2022-06-01,Papadam,84
117-40-3307,2022-05-04,Pork - Caul Fat,68
511-22-7125,2022-03-22,Cream - 35%,21
160-22-5376,2022-03-11,Marjoram - Fresh,65
601-63-5142,2022-06-17,Snapple - Mango Maddness,100
817-34-7162,2022-03-30,External Supplier,34
271-32-8498,2022-05-21,"Cup - 3.5oz, Foam",37
752-64-1072,2022-04-09,Towel - Roll White,66
380-89-1099,2022-06-12,Tamarillo,88
789-64-3666,2022-04-09,French Pastry - Mini Chocolate,36
453-81-1076,2022-05-20,Sausage - Blood Pudding,29
533-03-3450,2022-05-29,"Lettuce - Romaine, Heart",80
315-30-5348,2022-05-16,Red Pepper Paste,84
524-98-0993,2022-06-22,Oats Large Flake,52
208-47-6020,2022-05-03,Island Oasis - Peach Daiquiri,92
319-87-0556,2022-05-10,Milk - Skim,42
892-08-3166,2022-03-28,Lamb - Whole Head Off,38
184-87-1763,2022-04-27,Wine - Cotes Du Rhone,19
258-73-4976,2022-05-23,Sauce - Cranberry,81
798-06-1559,2022-05-17,Flavouring - Orange,29
142-91-6083,2022-03-19,"Veal - Insides, Grains",9
509-39-0545,2022-03-21,Cup - 8oz Coffee Perforated,93
493-29-4091,2022-06-02,Cakes Assorted,64
472-50-4663,2022-03-22,Wine - Black Tower Qr,45
390-58-6423,2022-04-23,Easy Off Oven Cleaner,15
602-94-7613,2022-03-21,Tea - Lemon Scented,25
301-67-2471,2022-06-01,Wine - Lamancha Do Crianza,23
850-65-4623,2022-05-09,Soup - Chicken And Wild Rice,87
715-96-9372,2022-05-18,"Vinegar - Balsamic, White",33
403-54-5146,2022-04-23,Cocoa Butter,39
124-27-8683,2022-05-05,Eggplant Italian,53
856-03-3154,2022-03-23,"Nut - Almond, Blanched, Ground",44
348-17-7289,2022-06-16,Beans - Fava Fresh,27
411-96-7097,2022-03-30,Wine - Sauvignon Blanc Oyster,20
661-07-6445,2022-05-19,Ketchup - Tomato,85
325-54-0200,2022-03-21,Steampan - Half Size Shallow,6
598-08-8848,2022-04-14,"Brocolinni - Gaylan, Chinese",39
370-04-1487,2022-03-10,Momiji Oroshi Chili Sauce,26
667-83-2491,2022-06-02,Lemon Tarts,85
749-65-4002,2022-03-02,Water - Aquafina Vitamin,50
417-68-6812,2022-05-10,Pancetta,15
544-55-3597,2022-06-02,Snails - Large Canned,51
897-27-2158,2022-03-15,Soup - Campbells Mushroom,30
129-56-9423,2022-04-15,Tomato - Plum With Basil,81
712-94-3659,2022-06-26,"Liqueur Banana, Ramazzotti",65
188-65-1641,2022-05-20,Cake - Lemon Chiffon,88
100-57-2296,2022-03-09,Vinegar - Rice,32
713-50-4824,2022-06-13,Cafe Royale,78
289-99-1234,2022-03-02,"Soda Water - Club Soda, 355 Ml",28
514-35-4892,2022-06-10,Yams,56
681-55-4502,2022-06-22,Wine - Casablanca Valley,71
808-03-2297,2022-04-05,Potatoes - Mini Red,8
124-44-2929,2022-03-25,"Vinegar - Balsamic, White",93
745-41-6682,2022-06-15,Cheese - Gouda,99
549-80-6232,2022-05-29,"Stock - Veal, Brown",35
181-23-6722,2022-04-08,"Lid - High Heat, Super Clear",1
516-58-6853,2022-06-12,Vaccum Bag - 14x20,52
168-22-3332,2022-05-06,Carbonated Water - Wildberry,26
428-13-9969,2022-04-07,"Crab - Claws, 26 - 30",86
203-43-4094,2022-05-16,Scallops - Live In Shell,14
334-67-3080,2022-04-29,Mace Ground,39
145-52-8495,2022-04-14,"Liqueur Banana, Ramazzotti",54
486-64-7111,2022-03-24,Sauce - Mint,36
691-87-5866,2022-03-27,Container Clear 8 Oz,25
437-28-2044,2022-03-17,Sterno - Chafing Dish Fuel,71
400-01-6593,2022-04-11,Bread - Corn Muffaletta,47
297-32-9614,2022-03-27,Corn Kernels - Frozen,13
580-38-8406,2022-05-03,Pie Filling - Pumpkin,22
424-30-1832,2022-03-15,Icecream Cone - Areo Chocolate,45
524-64-5173,2022-06-08,Beans - Kidney White,30
203-48-7401,2022-05-17,Chicken - Livers,56
129-78-3392,2022-04-11,"Iced Tea - Lemon, 460 Ml",64
373-05-6309,2022-04-20,Appetizer - Southwestern,83
456-20-4513,2022-05-02,Mace Ground,57
762-42-8347,2022-05-29,"Juice - Clam, 46 Oz",47
736-85-7480,2022-06-14,Chip - Potato Dill Pickle,28
158-52-5241,2022-03-28,Flavouring - Raspberry,39
741-62-0190,2022-03-25,Greens Mustard,37
521-34-9542,2022-03-02,Sage - Fresh,16
206-73-4495,2022-03-12,Longos - Grilled Salmon With Bbq,71
475-39-0425,2022-03-20,Cabbage - Savoy,14
470-25-9043,2022-04-22,Table Cloth 144x90 White,57
407-54-8984,2022-05-25,Cheese - St. Paulin,4
174-14-9070,2022-06-21,Berry Brulee,91
684-65-8084,2022-05-27,Rice - Basmati,36
620-79-6875,2022-03-15,Mushroom - Lg - Cello,74
855-04-8696,2022-05-24,Nectarines,71
387-80-5696,2022-03-20,Mousse - Mango,72
119-20-1941,2022-05-31,"Tart Shells - Sweet, 4",44
619-69-6281,2022-05-05,Pork - Ground,81
484-19-6698,2022-06-16,Pickles - Gherkins,94
301-25-4595,2022-05-30,Foam Tray S2,57
811-99-5026,2022-06-21,Dill Weed - Dry,86
830-24-5501,2022-03-19,Rice - Aborio,74
439-79-1138,2022-05-27,"Ham - Smoked, Bone - In",41
569-76-5286,2022-06-23,"Mushroom - Enoki, Dry",100
856-63-2003,2022-03-07,Hagen Daza - Dk Choocolate,63
343-16-9431,2022-04-21,Bagel - Whole White Sesame,2
140-04-1985,2022-03-07,Oats Large Flake,1
155-22-4696,2022-04-03,Slt - Individual Portions,47
878-63-9626,2022-05-27,Wine - Chardonnay Mondavi,74
240-99-6861,2022-03-29,Neckerchief Blck,37
442-36-1393,2022-03-10,Plaintain,4
376-79-0571,2022-04-18,Sauce - Hollandaise,26
231-83-1043,2022-03-05,Dome Lid Clear P92008h,13
183-62-8275,2022-06-28,Butter - Pod,73
514-95-9395,2022-03-12,Mushroom - Portebello,72
470-46-4774,2022-03-27,Cake - Mini Cheesecake,60
731-53-3246,2022-04-18,Beef - Cow Feet Split,59
607-36-2580,2022-05-09,Spice - Onion Powder Granulated,93
546-85-1476,2022-06-26,Mountain Dew,88
317-56-9103,2022-03-16,Pie Shells 10,99
496-86-7826,2022-05-13,Beer - Steamwhistle,77
740-76-0995,2022-04-03,"Potatoes - Yukon Gold, 80 Ct",75
152-67-5667,2022-05-09,Nantucket - Carrot Orange,83
746-61-3996,2022-06-26,"Wine - Red, Cooking",69
449-63-4671,2022-04-05,Cookie Trail Mix,69
457-97-8227,2022-03-13,Zucchini - Yellow,13
261-12-1261,2022-05-23,Octopus,29
157-27-2700,2022-03-21,Oil - Hazelnut,28
725-15-8149,2022-05-20,"Mop Head - Cotton, 24 Oz",89
619-66-3180,2022-06-17,Boogies,3
308-61-4557,2022-04-26,Syrup - Chocolate,5
818-28-5853,2022-06-09,Calvados - Boulard,62
859-02-1275,2022-05-11,Wine - Lamancha Do Crianza,2
244-31-1699,2022-06-03,"Split Peas - Yellow, Dry",50
330-07-6372,2022-05-27,Crackers - Trio,61
311-36-2358,2022-05-15,Red Cod Fillets - 225g,61
707-65-2265,2022-06-06,"Cod - Salted, Boneless",31
376-09-2475,2022-06-01,Bandage - Flexible Neon,73
672-44-2862,2022-05-06,Syrup - Monin - Granny Smith,39
287-75-6209,2022-06-10,"Wine - Red, Cooking",97
426-35-1686,2022-03-29,Pepper - Jalapeno,29
807-42-4205,2022-05-14,"Tart Shells - Savory, 4",46
239-70-3906,2022-04-20,Apron,21
873-04-2799,2022-05-15,Ham - Cooked Bayonne Tinned,54
233-14-1119,2022-03-15,Wine - Touraine Azay - Le - Rideau,67
833-74-9186,2022-03-26,Sloe Gin - Mcguinness,3
105-81-9228,2022-05-10,Longos - Lasagna Veg,8
702-77-5251,2022-03-07,Coffee - Espresso,45
397-43-0439,2022-05-08,Soup - Campbells Broccoli,46
761-95-9670,2022-05-31,Sambuca - Opal Nera,21
538-41-7768,2022-03-06,Juice - Orange 1.89l,5
803-87-0997,2022-04-27,Teriyaki Sauce,76
415-41-6535,2022-05-14,Wine - Lamancha Do Crianza,52
408-59-3855,2022-04-10,"Wine - Red, Gallo, Merlot",89
624-75-5457,2022-05-18,Chocolate - Milk Coating,1
729-04-6332,2022-04-04,Pectin,88
849-04-0907,2022-06-14,Onions - Cippolini,37
846-40-5422,2022-03-10,Ice Cream - Vanilla,15
456-84-9252,2022-04-06,Jolt Cola,44
810-61-6992,2022-04-12,"Juice - Apple, 341 Ml",80
310-16-0975,2022-05-12,"Tart Shells - Barquettes, Savory",50
863-41-8035,2022-05-28,Foil Wrap,7
881-18-0669,2022-05-20,Dates,34
883-49-9436,2022-06-24,Eggwhite Frozen,60
421-57-7877,2022-04-05,"Cherries - Maraschino,jar",79
442-11-0141,2022-04-08,Jolt Cola - Red Eye,26
174-68-7285,2022-04-07,"Pork - Loin, Boneless",20
447-05-4082,2022-06-11,"Vodka - Lemon, Absolut",99
541-14-2967,2022-04-04,Mousse - Passion Fruit,89
876-83-7939,2022-05-03,Veal - Ground,3
304-77-3616,2022-04-27,Potato - Sweet,13
857-04-9899,2022-05-16,Sobe - Cranberry Grapefruit,2
675-98-0511,2022-06-25,Wine - Guy Sage Touraine,47
353-93-5624,2022-04-15,Veal - Insides Provini,17
418-38-0065,2022-05-18,Wine - Bouchard La Vignee Pinot,11
352-10-0992,2022-06-13,Cake Slab,59
750-51-5414,2022-06-16,Chocolate - Mi - Amere Semi,74
513-03-5082,2022-05-28,Bok Choy - Baby,15
767-50-8063,2022-04-12,Wine - Cave Springs Dry Riesling,59
534-34-4263,2022-04-28,Beef - Rib Eye Aaa,49
270-35-0805,2022-05-18,Wine - Rubyport,38
644-47-3438,2022-04-04,Salami - Genova,34
756-10-6485,2022-05-14,Scallops - In Shell,48
586-94-8119,2022-05-02,"Soup - Campbells, Chix Gumbo",54
593-71-5496,2022-03-05,Carbonated Water - Raspberry,53
237-91-7300,2022-05-17,Cake - Cheese Cake 9 Inch,73
814-94-6274,2022-04-06,Sauce - Plum,82
791-08-8757,2022-03-17,Oil - Margarine,92
831-83-2927,2022-03-21,Dish Towel,44
856-01-5879,2022-04-16,Puree - Mocha,19
478-01-4019,2022-05-03,Garbage Bags - Clear,69
543-99-5258,2022-03-28,Pepper - Scotch Bonnet,94
337-25-3632,2022-04-08,Pepper - Roasted Red,62
509-93-1742,2022-05-05,Sprouts Dikon,88
717-35-2849,2022-05-06,Mcguinness - Blue Curacao,45
171-02-3401,2022-05-21,Rice - Sushi,19
550-13-0566,2022-03-18,Cabbage - Green,58
785-77-1802,2022-06-02,Rabbit - Frozen,66
190-21-3855,2022-03-16,True - Vue Containers,60
829-14-2601,2022-05-04,Garbag Bags - Black,14
556-20-3500,2022-05-01,Wine - Magnotta - Belpaese,62
526-29-7323,2022-04-01,Fruit Mix - Light,17
854-31-8345,2022-06-25,Veal - Nuckle,45
279-92-9928,2022-05-20,"Salmon - Whole, 4 - 6 Pounds",42
646-32-0772,2022-06-04,Table Cloth 120 Round White,84
275-15-0739,2022-06-14,V8 Pet,34
694-97-4458,2022-05-22,"Lamb - Whole Head Off,nz",88
827-58-0083,2022-06-22,Gatorade - Orange,34
177-96-7156,2022-06-27,Cream Of Tartar,16
689-20-1339,2022-05-17,Ice Cream - Super Sandwich,78
771-90-5191,2022-03-09,Chickhen - Chicken Phyllo,14
776-27-6707,2022-06-06,Squash - Acorn,37
194-65-7788,2022-03-31,Steampan Lid,1
799-97-9243,2022-06-18,Muffin Orange Individual,30
652-62-1285,2022-06-25,Cups 10oz Trans,35
756-57-3952,2022-06-06,Tea Leaves - Oolong,6
116-11-6504,2022-04-30,Container - Clear 16 Oz,29
395-14-7571,2022-06-06,Lettuce - Green Leaf,65
223-01-8146,2022-03-06,Star Fruit,46
388-45-8936,2022-05-18,Nantucket - Kiwi Berry Cktl.,80
323-17-4583,2022-04-09,Apple - Fuji,71
448-58-1969,2022-05-17,"Quail - Eggs, Fresh",82
579-32-0229,2022-06-29,Five Alive Citrus,51
519-96-5021,2022-06-20,Chicken - Soup Base,2
106-40-4196,2022-04-08,Sprite - 355 Ml,54
488-96-6912,2022-04-11,Cafe Royale,65
223-62-9646,2022-03-14,Frangelico,91
531-63-7208,2022-04-10,"Pepper - Red, Finger Hot",2
787-01-9334,2022-05-19,Baking Powder,95
439-45-2896,2022-06-16,Mix - Cappucino Cocktail,97
162-21-4575,2022-06-28,Initation Crab Meat,25
698-59-1651,2022-04-25,Appetizer - Southwestern,43
362-27-7395,2022-04-30,V8 - Tropical Blend,24
399-59-0434,2022-03-24,Bread - Rye,33
686-69-1960,2022-03-12,Pastry - Baked Cinnamon Stick,51
701-39-2618,2022-05-15,Sole - Iqf,51
679-37-4626,2022-06-16,Pork - Smoked Back Bacon,67
379-18-6255,2022-06-25,Juice - V8 Splash,12
567-52-7153,2022-05-28,Dill Weed - Fresh,3
407-38-7673,2022-03-05,Spring Roll Wrappers,64
549-91-9422,2022-06-14,Lid Coffeecup 12oz D9542b,6
468-10-8908,2022-05-19,Sugar - White Packet,14
210-38-0384,2022-05-04,Onion Powder,43
456-22-2279,2022-04-15,Cheese - St. Paulin,83
372-76-7960,2022-06-04,Nougat - Paste / Cream,60
572-80-8647,2022-05-22,Chinese Foods - Cantonese,2
801-21-1015,2022-03-05,Wine - Domaine Boyar Royal,1
167-81-0665,2022-05-14,Chick Peas - Canned,56
263-26-7515,2022-03-20,Pastry - French Mini Assorted,46
690-65-6752,2022-04-20,Chinese Foods - Thick Noodles,57
744-01-8948,2022-05-19,Nori Sea Weed - Gold Label,39
839-45-2451,2022-04-03,"Beef - Roasted, Cooked",47
536-82-4566,2022-06-01,"Wine - White, Ej Gallo",42
387-83-2645,2022-04-04,Lady Fingers,49
645-17-3646,2022-05-30,"Turkey - Breast, Double",44
533-45-9996,2022-04-12,Lobster - Live,51
884-40-7446,2022-04-23,"Beef - Baby, Liver",82
171-74-3602,2022-06-01,Plasticknivesblack,79
216-03-7476,2022-06-17,Instant Coffee,79
778-26-9805,2022-05-27,"Soup - Knorr, Chicken Noodle",9
720-93-3679,2022-05-20,Chocolate Bar - Smarties,64
388-04-7257,2022-05-24,"Lettuce - Romaine, Heart",71
406-09-0584,2022-05-09,Butcher Twine 4r,11
101-19-1361,2022-04-21,Skirt - 29 Foot,85
550-41-2024,2022-05-03,Cheese - Mascarpone,98
124-64-7747,2022-03-17,"Appetizer - Spring Roll, Veg",80
357-57-1814,2022-04-13,Pepper - Red Chili,11
843-51-8767,2022-04-04,Celery Root,42
757-33-4685,2022-05-29,Pumpkin,48
392-20-0892,2022-06-03,Cheese - Augre Des Champs,71
255-16-4038,2022-05-27,Ginger - Crystalized,85
448-39-0750,2022-06-25,Flower - Leather Leaf Fern,20
655-20-6239,2022-05-12,Bacardi Breezer - Strawberry,80
347-41-4179,2022-06-26,Melon - Cantaloupe,24
147-35-2870,2022-03-26,Savory,19
305-34-7395,2022-03-06,"Beef - Bones, Cut - Up",42
672-88-5268,2022-05-10,Beef - Tenderloin,20
520-91-6619,2022-05-26,Sage Ground Wiberg,57
238-26-3957,2022-03-05,Glycerine,80
266-98-2498,2022-05-14,"Coke - Diet, 355 Ml",89
181-13-6137,2022-03-13,Cherries - Fresh,24
319-64-6851,2022-03-01,Crackers Cheez It,10
285-82-2117,2022-03-05,"Quail - Whole, Boneless",99
508-65-3015,2022-05-05,Napkin Colour,11
371-26-7856,2022-03-16,Wine - Semi Dry Riesling Vineland,46
476-73-4730,2022-05-10,"Crab - Dungeness, Whole, live",19
858-70-9825,2022-03-10,Extract - Rum,64
266-36-0420,2022-03-02,Glove - Cutting,15
332-71-0320,2022-06-09,Juice - Apple 284ml,30
406-09-0102,2022-05-19,Amaretto,39
490-44-0948,2022-06-15,Chambord Royal,8
478-86-2701,2022-03-29,"Yogurt - Strawberry, 175 Gr",34
273-20-4995,2022-03-27,"Soup - Campbells, Butternut",64
828-02-9574,2022-05-02,"Beef - Rib Roast, Capless",18
771-43-4018,2022-06-26,Cilantro / Coriander - Fresh,3
577-81-4952,2022-04-19,Oven Mitt - 13 Inch,85
709-85-5305,2022-05-28,Squash - Pepper,78
522-45-7922,2022-05-01,Pastry - Apple Large,79
133-14-2767,2022-05-20,Canada Dry,42
473-06-5272,2022-05-20,Wine - Magnotta - Cab Sauv,18
563-18-3093,2022-03-24,Pork - Smoked Kassler,70
545-02-8146,2022-05-29,"Wine - Bourgogne 2002, La",11
116-79-3855,2022-04-23,Oil - Olive Bertolli,38
899-87-1278,2022-05-19,Samosa - Veg,38
241-71-1496,2022-05-14,Wood Chips - Regular,93
165-35-4434,2022-06-16,Tuna - Fresh,67
335-86-9965,2022-06-03,Wine - Niagara Peninsula Vqa,33
334-25-4095,2022-06-11,"Shrimp - 16/20, Peeled Deviened",12
455-16-8518,2022-05-13,"Chocolate - Pistoles, White",25
756-45-2209,2022-03-08,"Artichoke - Hearts, Canned",14
327-94-5649,2022-05-11,Bread Roll Foccacia,9
427-40-5521,2022-03-20,"Water - Mineral, Carbonated",4
134-12-9059,2022-03-24,Beef - Striploin,58
575-02-6416,2022-03-31,Tea - Camomele,43
391-48-3528,2022-06-10,Aspic - Amber,92
449-58-2829,2022-05-13,Savory,32
793-77-2416,2022-03-10,Spaghetti Squash,86
234-10-0886,2022-05-22,Lady Fingers,90
495-29-4319,2022-04-22,Container Clear 8 Oz,47
670-62-9981,2022-05-14,Tofu - Firm,40
587-09-3454,2022-05-17,Onions - White,96
281-89-6138,2022-06-01,Bread - Olive Dinner Roll,61
127-90-9876,2022-04-12,Duck - Legs,34
638-25-0188,2022-06-29,"Soup - Campbells, Classic Chix",77
581-63-4389,2022-05-27,Cheese - Mix,93
249-42-2646,2022-05-11,Pail With Metal Handle 16l White,98
763-05-6008,2022-06-21,Sandwich Wrap,82
379-55-6062,2022-05-29,Wine - Zinfandel California 2002,78
187-60-9431,2022-06-16,Crab - Meat Combo,79
472-50-3024,2022-05-04,Yucca,58
758-94-3242,2022-03-09,"Beef - Kindney, Whole",29
817-38-4496,2022-03-10,"Beans - Black Bean, Canned",19
634-65-2020,2022-05-06,Rice - Sushi,94
284-03-1624,2022-05-11,"Rice Pilaf, Dry,package",14
824-42-8659,2022-04-27,"Beans - Navy, Dry",8
567-12-8138,2022-06-14,"Salsify, Organic",88
545-93-4320,2022-04-21,Bread - 10 Grain,95
890-05-1611,2022-03-14,Puree - Passion Fruit,60
291-23-4444,2022-04-11,Appetizer - Crab And Brie,35
639-53-7130,2022-04-07,Spice - Chili Powder Mexican,62
895-12-3174,2022-03-13,"Lamb - Loin, Trimmed, Boneless",53
809-20-8975,2022-05-27,Soup - Chicken And Wild Rice,92
723-67-1415,2022-03-05,Sesame Seed,84
323-33-1309,2022-06-04,Squid - Breaded,99
179-30-0430,2022-03-19,Juice - Lagoon Mango,25
231-56-5832,2022-06-28,Magnotta - Bel Paese White,19
268-97-2655,2022-04-11,Beer - True North Lager,93
795-26-2083,2022-06-02,Breadfruit,9
897-48-0572,2022-06-13,Eel Fresh,84
305-99-8432,2022-06-02,Smoked Paprika,66
817-22-8447,2022-05-08,Island Oasis - Magarita Mix,31
389-74-2268,2022-03-02,Calaloo,91
710-38-6650,2022-05-21,Mix - Cocktail Ice Cream,86
548-26-6975,2022-03-06,"Nut - Pistachio, Shelled",17
442-98-0772,2022-05-02,Chocolate Bar - Reese Pieces,42
261-64-9996,2022-06-18,Hipnotiq Liquor,83
819-39-2654,2022-04-04,Glass Clear 8 Oz,95
467-60-0051,2022-03-16,Soup - Campbells - Chicken Noodle,82
616-70-0072,2022-05-14,Wine - Rubyport,22
816-86-1632,2022-04-27,Ginger - Fresh,26
359-50-5694,2022-05-17,Bagels Poppyseed,68
846-12-4486,2022-04-27,Blouse / Shirt / Sweater,10
408-64-5384,2022-06-26,Galliano,7
726-01-1439,2022-06-19,Clams - Bay,62
438-32-0983,2022-05-31,Mustard - Dijon,6
379-92-8909,2022-06-24,Bread - Hot Dog Buns,1
169-87-6516,2022-04-27,Eggplant - Asian,42
849-06-8460,2022-06-22,Soup - Campbells,70
449-09-1337,2022-04-25,Mousse - Mango,38
700-44-9515,2022-03-28,Nut - Pumpkin Seeds,93
528-05-3407,2022-05-31,"Cheese - Havarti, Salsa",64
195-79-8414,2022-05-28,"Syrup - Monin, Irish Cream",34
362-23-0442,2022-06-18,Sprouts - Alfalfa,41
745-72-6752,2022-05-31,Shrimp - 150 - 250,95
850-09-6585,2022-03-31,Cheese - Brick With Pepper,51
660-59-7247,2022-04-16,Wine - George Duboeuf Rose,95
109-77-4437,2022-05-28,Creme De Menthe Green,73
853-31-0690,2022-03-08,Wine - Cotes Du Rhone Parallele,19
489-08-4424,2022-06-08,Triple Sec - Mcguinness,42
638-60-5709,2022-06-12,Extract - Raspberry,99
620-64-4260,2022-06-28,Butter - Pod,16
404-14-7786,2022-03-13,Parsnip,17
243-72-5984,2022-04-21,Lettuce - Baby Salad Greens,17
761-70-9026,2022-03-28,"Stock - Veal, Brown",5
537-55-9144,2022-06-09,"Fish - Scallops, Cold Smoked",80
620-03-5817,2022-06-24,Sauce - Caesar Dressing,39
111-01-5750,2022-06-03,Mix - Cappucino Cocktail,31
278-08-7078,2022-05-22,Apples - Spartan,21
861-29-1651,2022-06-17,"Beef - Outside, Round",4
828-09-8298,2022-05-07,Wine - Barossa Valley Estate,88
523-40-9491,2022-05-26,Cheese - Perron Cheddar,63
169-96-7799,2022-06-22,Green Tea Refresher,34
221-96-0602,2022-06-24,Wine - George Duboeuf Rose,89
528-11-4407,2022-03-31,Tea - Herbal Orange Spice,33
535-07-6929,2022-06-05,Sword Pick Asst,34
469-90-3137,2022-06-17,Onions - Pearl,43
720-53-5627,2022-03-29,"Fish - Artic Char, Cold Smoked",65
810-52-1386,2022-04-12,Puree - Kiwi,8
175-15-6424,2022-03-05,Mayonnaise,3
491-87-5346,2022-06-11,Celery,32
373-12-8544,2022-03-24,Petit Baguette,81
119-31-7178,2022-05-27,Pork Loin Cutlets,18
755-12-2991,2022-04-17,"Stock - Chicken, White",9
442-95-1622,2022-05-31,Wine - Alsace Riesling Reserve,3
376-29-1359,2022-06-03,Miso - Soy Bean Paste,16
287-57-8078,2022-05-09,Mix - Cocktail Strawberry Daiquiri,77
856-96-4061,2022-04-11,"Shrimp - 16 - 20 Cooked, Peeled",86
749-03-2412,2022-03-11,Wine - Rhine Riesling Wolf Blass,76
837-46-0378,2022-03-22,Cheese - Camembert,28
544-61-6727,2022-05-06,Coffee - Frthy Coffee Crisp,50
603-78-7939,2022-06-14,Aspic - Light,70
312-95-0721,2022-03-10,Wine - Zinfandel Rosenblum,34
288-85-5643,2022-06-20,Icecream - Dstk Cml And Fdg,90
766-76-7442,2022-04-09,Table Cloth 62x114 Colour,62
539-17-0575,2022-06-24,Filo Dough,95
332-20-8792,2022-06-28,Thermometer Digital,76
822-48-5549,2022-06-02,Potatoes - Pei 10 Oz,47
715-82-1294,2022-04-01,Pectin,46
424-93-5952,2022-03-04,Bread - Hot Dog Buns,99
437-13-8295,2022-04-03,Milk Powder,15
632-18-4944,2022-06-10,Beer - Pilsner Urquell,100
830-97-9576,2022-04-09,Wine - White Cab Sauv.on,43
174-34-1371,2022-04-26,Cinnamon Buns Sticky,65
177-30-8513,2022-05-23,"Clams - Littleneck, Whole",8
489-78-3858,2022-04-02,Cream - 18%,97
728-25-7137,2022-05-10,Wine - Bouchard La Vignee Pinot,98
349-83-9637,2022-05-11,Cookie Dough - Chocolate Chip,71
741-54-7285,2022-04-02,"Wine - Red, Pinot Noir, Chateau",98
467-15-0870,2022-03-25,French Kiss Vanilla,58
268-60-4834,2022-03-08,Bread - Raisin Walnut Oval,90
195-06-5626,2022-05-19,"Mushroom - Chantrelle, Fresh",43
337-21-1720,2022-05-22,Ice Cream - Life Savers,91
821-99-9026,2022-05-09,Crab Brie In Phyllo,19
486-62-3277,2022-05-22,Relish,40
169-27-3569,2022-05-31,Plastic Wrap,27
333-66-0310,2022-05-24,Beer - True North Strong Ale,14
164-71-3360,2022-05-06,"Asparagus - Green, Fresh",34
389-38-6726,2022-05-09,Compound - Mocha,81
845-82-6151,2022-03-08,Bread Sour Rolls,94
615-82-6848,2022-05-17,"Iced Tea - Lemon, 460 Ml",29
822-77-1030,2022-05-19,Venison - Liver,74
873-27-1392,2022-03-01,Lettuce - Baby Salad Greens,51
117-21-4277,2022-05-17,Flour - Strong,72
347-77-8187,2022-03-22,Transfer Sheets,86
539-65-0508,2022-05-10,Cups 10oz Trans,54
115-79-7945,2022-06-24,Appetizer - Southwestern,91
767-39-4748,2022-05-01,"Club Soda - Schweppes, 355 Ml",61
558-62-0948,2022-03-13,Soup - Campbells Tomato Ravioli,91
777-04-4251,2022-05-13,Cookies Oatmeal Raisin,23
873-15-8793,2022-03-25,Appetizer - Shrimp Puff,42
394-01-2502,2022-06-27,Bacardi Breezer - Tropical,91
597-34-7058,2022-03-18,Wine - Spumante Bambino White,77
109-25-2149,2022-03-30,Cheese - Mascarpone,41
183-89-9319,2022-05-21,Ecolab Crystal Fusion,23
385-06-9778,2022-05-28,Wine - Sicilia Igt Nero Avola,46
427-28-1352,2022-06-19,Boogies,34
541-41-1575,2022-06-11,"Leeks - Baby, White",97
219-20-0425,2022-05-01,Mushroom - Chanterelle Frozen,78
294-51-8674,2022-04-06,"Loaf Pan - 2 Lb, Foil",23
131-62-5128,2022-03-11,Muffin Mix - Banana Nut,85
492-48-2097,2022-05-20,Carroway Seed,62
527-69-4865,2022-03-12,Rolled Oats,97
506-07-6581,2022-04-01,Tea Peppermint,17
657-10-8764,2022-05-24,Muffin Mix - Corn Harvest,31
549-10-3867,2022-05-06,"Veal - Chops, Split, Frenched",69
567-20-2116,2022-05-03,Marjoram - Fresh,76
294-06-3599,2022-03-13,"Pepper - Julienne, Frozen",25
709-10-9155,2022-06-16,Capers - Pickled,58
374-95-2685,2022-05-27,"Soup - Campbells, Cream Of",55
289-22-9542,2022-05-01,Wine - Zonnebloem Pinotage,86
267-27-8810,2022-05-24,Cheese - Valancey,23
802-92-5670,2022-06-05,Cheese - Gouda Smoked,95
253-95-5317,2022-05-12,Cherries - Fresh,56
589-49-3999,2022-03-08,Yogurt - French Vanilla,14
182-61-6101,2022-05-20,Lamb Leg - Bone - In Nz,93
143-86-9441,2022-03-24,Cornish Hen,8
215-15-7254,2022-06-04,Flour - Masa De Harina Mexican,1
440-49-3667,2022-05-23,Wine - Chianti Classico Riserva,45
584-43-1620,2022-05-06,Container - Clear 32 Oz,56
375-58-6072,2022-06-15,Sauce - Cranberry,32
738-71-2204,2022-04-17,"Champagne - Brights, Dry",54
876-73-3917,2022-03-17,Tea - Jasmin Green,78
142-42-5230,2022-06-19,Mushroom - Morel Frozen,23
117-77-4348,2022-06-02,Bagel - Whole White Sesame,13
732-97-2108,2022-04-28,Sobe - Cranberry Grapefruit,19
409-55-8747,2022-04-22,Mince Meat - Filling,58
716-36-6850,2022-05-08,Wine - Maipo Valle Cabernet,75
813-77-0476,2022-05-10,Sugar - Splenda Sweetener,33
751-68-9455,2022-03-18,Pepper - Sorrano,92
616-12-6213,2022-06-02,Lotus Root,26
112-25-8105,2022-04-19,Container - Clear 32 Oz,91
440-06-1452,2022-03-09,Galliano,100
657-16-5231,2022-04-27,Daikon Radish,56
545-77-3338,2022-04-10,Wine - Fume Blanc Fetzer,83
314-11-6220,2022-05-08,Jolt Cola,92
431-25-4577,2022-04-13,Bar Nature Valley,63
391-74-6386,2022-06-27,Longos - Grilled Chicken With,60
152-65-1716,2022-05-18,Hagen Daza - Dk Choocolate,21
792-68-8504,2022-06-23,Basil - Fresh,30
266-40-0080,2022-04-25,Steampan - Lid For Half Size,34
662-80-1889,2022-03-26,Sachet,81
748-25-7677,2022-06-05,"Chilli Paste, Ginger Garlic",9
519-44-3939,2022-06-04,Foam Espresso Cup Plain White,72
180-63-7077,2022-06-02,Bandage - Finger Cots,70
110-39-4007,2022-04-25,Appetizer - Sausage Rolls,5
894-34-0600,2022-06-17,"Wine - White, Cooking",75
869-79-5836,2022-06-23,Ice Cream Bar - Oreo Sandwich,79
394-07-4484,2022-03-12,Coffee - Flavoured,98
308-98-3667,2022-04-19,"Onions - Dried, Chopped",86
334-69-8895,2022-05-10,Neckerchief Blck,14
633-21-1512,2022-03-08,"Wine - White, Concha Y Toro",19
627-20-1551,2022-06-10,Sugar - Icing,62
671-43-7083,2022-06-14,Syrup - Chocolate,3
145-85-8274,2022-03-19,Tomato - Peeled Italian Canned,53
852-34-5186,2022-05-03,Brandy - Bar,9
654-62-8756,2022-06-17,"Wine - Red, Antinori Santa",33
892-18-5866,2022-06-06,Wine - Shiraz South Eastern,9
807-40-4542,2022-05-31,Sherbet - Raspberry,91
364-72-0001,2022-05-10,Pork Casing,23
510-38-7425,2022-06-19,Anchovy Paste - 56 G Tube,82
886-57-7616,2022-06-16,Peppercorns - Pink,59
671-30-9066,2022-04-25,Lamb Rack - Ontario,70
501-52-8535,2022-03-12,"Pasta - Lasagna, Dry",72
525-95-5454,2022-05-20,Cheese - Ricotta,13
864-55-7315,2022-03-24,Triple Sec - Mcguinness,22
501-15-7548,2022-03-24,Mousse - Mango,8
879-54-0361,2022-04-07,"Beef - Rib Roast, Capless",45
616-34-4025,2022-05-13,Pork - Ham Hocks - Smoked,49
497-92-5886,2022-06-15,"Syrup - Golden, Lyles",53
248-24-5104,2022-04-23,Shiratamako - Rice Flour,79
181-81-3826,2022-06-24,Wine - Vidal Icewine Magnotta,87
300-33-0127,2022-04-08,Tomatillo,50
433-48-9858,2022-06-24,"Pork - Chop, Frenched",79
721-09-2411,2022-04-10,Beef - Prime Rib Aaa,18
427-24-9086,2022-05-10,"Pepper - Green, Chili",53
537-15-8631,2022-06-24,"Crab - Back Fin Meat, Canned",43
542-23-1090,2022-03-21,Pork - Bacon Cooked Slcd,99
480-97-2128,2022-04-20,Nantuket Peach Orange,36
504-45-1414,2022-05-06,Grand Marnier,66
263-85-6998,2022-03-01,"Veal - Round, Eye Of",81
364-27-0144,2022-03-03,Salt - Kosher,91
733-83-6828,2022-06-03,Straw - Regular,29
224-93-1674,2022-04-07,Sugar - Crumb,72
199-19-8339,2022-06-08,"Onions - Dried, Chopped",32
870-43-6300,2022-06-05,Wine - Penfolds Koonuga Hill,66
311-94-7408,2022-06-20,Chicken - Whole Fryers,33
704-98-3521,2022-06-22,"Ham - Smoked, Bone - In",68
408-95-3213,2022-03-18,Tart - Lemon,69
414-53-0626,2022-03-05,Shopper Bag - S - 4,10
217-99-6764,2022-05-10,Kahlua,90
551-22-4785,2022-03-11,Muffin - Bran Ind Wrpd,84
772-78-4162,2022-06-04,Beer - Mill St Organic,66
623-75-8503,2022-05-01,Appetizer - Sausage Rolls,89
327-48-4975,2022-05-21,Water - Evian 355 Ml,39
353-97-5800,2022-04-17,"Iced Tea - Lemon, 340ml",30
312-57-0212,2022-05-25,Pork - Caul Fat,97
637-95-2861,2022-04-10,Wine - Spumante Bambino White,16
862-95-7609,2022-04-17,Cheese - Ermite Bleu,63
384-03-1323,2022-05-30,Sugar - Cubes,7
381-81-8762,2022-06-16,"Juice - Apple, 500 Ml",33
519-06-8912,2022-03-14,Potatoes - Yukon Gold 5 Oz,40
194-26-8605,2022-05-30,Soup - Campbells Beef Noodle,97
847-94-7831,2022-06-19,Pate - Peppercorn,76
433-55-9143,2022-04-13,"Veal - Shank, Pieces",85
384-06-4844,2022-06-16,Cookie - Dough Variety,17
129-96-3522,2022-05-02,Cardamon Ground,31
151-68-4697,2022-03-07,Cranberries - Dry,16
195-46-7845,2022-06-19,Bagels Poppyseed,31
279-29-0235,2022-05-09,Wine - Sogrape Mateus Rose,1
394-99-9063,2022-04-28,Lamb - Whole Head Off,38
770-11-7387,2022-04-08,"Chicken - Leg, Fresh",39
238-19-9378,2022-04-02,"Salsify, Organic",98
404-96-7707,2022-05-09,Water Chestnut - Canned,36
566-38-0286,2022-04-17,Cheese - Marble,13
627-04-7230,2022-03-13,"Plate - Foam, Bread And Butter",82
616-28-7510,2022-03-23,"Lobster - Baby, Boiled",32
128-25-0081,2022-05-08,"Tendrils - Baby Pea, Organic",46
747-82-8033,2022-05-15,Peas Snow,75
420-10-0426,2022-04-23,Wine - Chenin Blanc K.w.v.,21
227-78-2540,2022-03-24,Cake - Cake Sheet Macaroon,62
712-88-4209,2022-03-27,Banana Turning,2
330-05-3900,2022-05-12,Truffle Shells - Semi - Sweet,82
425-99-3700,2022-04-12,Coffee - Cafe Moreno,57
825-12-0062,2022-05-10,Sauce - Chili,97
660-15-8797,2022-03-16,Apricots - Dried,87
432-03-8081,2022-05-14,Figs,100
849-16-3645,2022-05-27,Caviar - Salmon,32
165-25-2662,2022-03-11,"Pepsi, 355 Ml",99
591-88-3059,2022-05-06,Cheese - St. Paulin,18
609-95-6468,2022-03-20,Soup - Base Broth Beef,36
663-84-6725,2022-06-05,"Juice - Apple, 500 Ml",29
823-30-0027,2022-06-06,Chocolate - Mi - Amere Semi,86
689-32-3606,2022-04-07,"Wine - Bourgogne 2002, La",96
626-05-0506,2022-06-12,Cattail Hearts,42
501-71-1581,2022-06-25,Scotch - Queen Anne,66
821-51-5525,2022-05-20,Bread - Bistro Sour,77
685-13-0627,2022-06-03,Beer - Camerons Auburn,4
130-83-9211,2022-06-18,Plastic Wrap,23
692-87-2754,2022-06-19,Wine - Casablanca Valley,44
440-89-8475,2022-05-22,Syrup - Kahlua Chocolate,44
283-12-1062,2022-06-20,Wine - Bouchard La Vignee Pinot,19
351-10-9324,2022-04-30,Veal - Liver,17
420-70-3335,2022-03-12,Garlic - Peeled,25
101-56-4130,2022-04-05,Milk 2% 500 Ml,44
867-86-1793,2022-05-31,"Coke - Classic, 355 Ml",94
535-85-3773,2022-06-28,Salmon - Canned,92
800-22-4750,2022-06-22,Dc - Sakura Fu,89
388-79-5185,2022-04-23,Sprite - 355 Ml,12
399-89-7183,2022-03-23,"Oil - Food, Lacquer Spray",42
415-27-5812,2022-03-01,Salmon Steak - Cohoe 6 Oz,98
736-09-6197,2022-06-18,Plate Pie Foil,19
214-09-5904,2022-04-03,Brandy Cherry - Mcguinness,90
217-71-6788,2022-04-05,Ecolab - Hand Soap Form Antibac,84
629-16-0164,2022-04-22,"Nut - Pistachio, Shelled",35
546-51-7950,2022-04-21,Longos - Lasagna Veg,55
138-35-7438,2022-06-02,Turkey Leg With Drum And Thigh,7
302-05-5699,2022-04-10,Pineapple - Regular,33
140-93-3707,2022-05-17,Pastry - Banana Muffin - Mini,26
206-55-8427,2022-06-15,"Salsify, Organic",28
350-43-1641,2022-03-01,Beer - Sleemans Honey Brown,74
418-77-8108,2022-03-08,"Shrimp - 16/20, Iqf, Shell On",51
899-87-1021,2022-03-15,"Brownies - Two Bite, Chocolate",82
620-67-3323,2022-06-11,Cranberries - Dry,91
555-79-9605,2022-05-03,Chocolate - Chips Compound,90
286-39-5922,2022-06-20,Arrowroot,52
125-84-2949,2022-04-03,Everfresh Products,36
348-48-5908,2022-03-14,Cookie - Oreo 100x2,40
704-63-1642,2022-03-24,Lumpfish Black,11
843-80-7184,2022-05-22,Cheese - Cheddarsliced,57
119-04-5567,2022-04-05,Halibut - Steaks,56
379-63-3751,2022-06-01,Veal - Eye Of Round,21
181-27-8707,2022-06-10,Beef - Ox Tongue,85
343-01-9847,2022-06-24,"Wine - Saint - Bris 2002, Sauv",64
483-20-2935,2022-03-03,Soup - Campbells Mushroom,21
561-51-8704,2022-04-01,Energy Drink,59
227-57-4810,2022-03-21,Creamers - 10%,92
173-43-8467,2022-04-06,Table Cloth 53x69 White,72
559-96-7857,2022-04-23,Chocolate - Liqueur Cups With Foil,51
500-37-8652,2022-06-02,Muffin Mix - Carrot,89
302-94-4644,2022-05-22,Salt - Kosher,30
246-02-5123,2022-06-22,Steampan - Lid For Half Size,39
402-39-5916,2022-04-23,Amaretto,53
525-60-0254,2022-06-22,Currants,35
200-41-2713,2022-03-18,Juice - Lime,34
748-32-3190,2022-03-15,Veal - Sweetbread,43
288-08-5755,2022-05-03,Pomegranates,98
752-26-9297,2022-05-17,Syrup - Monin - Granny Smith,25
676-31-3684,2022-05-20,Tea - Lemon Green Tea,74
499-99-3875,2022-06-03,Shark - Loin,32
508-11-1734,2022-03-01,Nantucket Apple Juice,60
619-04-0143,2022-04-14,Ice Cream Bar - Hageen Daz To,28
714-27-9046,2022-06-11,Gelatine Leaves - Envelopes,90
518-81-8688,2022-03-21,Vector Energy Bar,39
842-54-7307,2022-04-30,Cumin - Ground,95
610-14-2761,2022-06-02,"Coconut - Shredded, Sweet",19
883-91-0511,2022-05-22,"Juice - Pineapple, 48 Oz",99
860-81-3151,2022-04-05,Wine - Two Oceans Cabernet,58
707-47-7589,2022-04-09,Pate - Cognac,75
564-58-3529,2022-05-02,Canada Dry,94
507-07-8274,2022-06-24,Muffin Mix - Raisin Bran,4
303-60-5397,2022-06-25,Lentils - Green Le Puy,95
511-40-8226,2022-04-08,Lemons,38
284-67-5695,2022-06-07,Plate Foam Laminated 9in Blk,33
295-15-3910,2022-03-23,Soup - Campbells Chili Veg,31
878-59-5347,2022-04-23,Olives - Kalamata,25
828-09-9846,2022-03-19,Wine - Ej Gallo Sierra Valley,18
481-56-3877,2022-04-23,Napkin Colour,53
519-58-5729,2022-05-28,"Jam - Marmalade, Orange",88
364-50-1177,2022-05-08,Flavouring Vanilla Artificial,85
640-19-9270,2022-06-15,Oil - Sunflower,19
345-59-0130,2022-04-09,Cheese - Blue,87
225-18-4368,2022-05-15,Fond - Chocolate,21
586-22-9455,2022-03-31,Calypso - Strawberry Lemonade,36
381-91-8710,2022-04-06,Pastry - Apple Muffins - Mini,41
887-77-2798,2022-04-14,General Purpose Trigger,8
426-40-1120,2022-06-11,Crab - Meat Combo,3
382-20-4480,2022-04-13,Cheese - Gorgonzola,83
412-77-6769,2022-03-17,"Lamb - Loin, Trimmed, Boneless",6
253-09-9434,2022-03-26,Dc - Frozen Momji,12
186-63-4550,2022-05-06,Baking Powder,44
840-50-1826,2022-05-31,"Cheese - Cheddar, Old White",90
361-65-2316,2022-03-23,"Bread - White, Unsliced",97
450-01-0679,2022-06-21,Veal - Sweetbread,36
294-43-6786,2022-03-29,Chocolate - Milk,24
612-55-5935,2022-05-27,"Beef - Baby, Liver",57
608-44-5817,2022-04-18,Bread Crumbs - Japanese Style,94
802-76-4137,2022-04-28,"Pork - Bacon, Sliced",95
897-40-7108,2022-05-23,Cup Translucent 9 Oz,86
162-95-7929,2022-03-28,Chutney Sauce,39
548-20-9269,2022-03-18,Wine - Vovray Sec Domaine Huet,74
607-78-5853,2022-05-24,Limes,47
112-63-5494,2022-06-06,"Wine - Niagara,vqa Reisling",75
214-31-3523,2022-05-03,Muffin Mix - Lemon Cranberry,81
549-53-5781,2022-05-08,Eggplant - Regular,50
766-01-5069,2022-04-27,Garam Marsala,53
455-31-7120,2022-03-26,Wine - Trimbach Pinot Blanc,44
428-58-6265,2022-03-27,Pepper - Yellow Bell,62
251-54-6331,2022-03-25,Dc - Sakura Fu,61
805-53-1452,2022-03-07,Cinnamon - Ground,81
163-57-0196,2022-05-08,Rice - Wild,75
559-68-4333,2022-03-28,Lobak,18
217-66-0150,2022-06-22,Numi - Assorted Teas,4
560-85-6778,2022-05-06,Cheese - Ricotta,81
238-73-1514,2022-05-30,Squid Ink,100
895-01-8733,2022-03-23,Beef - Striploin,25
722-55-8156,2022-05-16,Grouper - Fresh,64
451-92-9125,2022-05-02,Salt - Celery,79
856-07-6950,2022-05-03,"Pasta - Bauletti, Chicken White",85
264-43-1137,2022-05-31,Sauce - Hp,53
367-53-6205,2022-04-14,Horseradish Root,9
623-21-8126,2022-03-13,Broccoli - Fresh,74
699-13-9934,2022-05-19,Blueberries - Frozen,2
296-25-5119,2022-04-03,Wine - Conde De Valdemar,88
550-85-4136,2022-03-30,Mousse - Passion Fruit,17
188-85-3271,2022-03-25,Cheese - Stilton,28
184-42-6612,2022-04-12,Lettuce - Arugula,19
835-28-7625,2022-05-09,Danishes - Mini Cheese,58
480-02-4975,2022-05-04,Wine - German Riesling,23
797-96-7383,2022-06-06,Bagelers - Cinn / Brown Sugar,61
721-31-4768,2022-05-21,"Basil - Dry, Rubbed",16
126-40-5767,2022-03-15,Sprouts - Peppercress,88
444-54-9362,2022-04-19,Scallops - In Shell,13
763-09-3866,2022-03-29,"Carrots - Mini, Stem On",42
571-07-7960,2022-05-21,Buffalo - Striploin,36
506-85-3370,2022-05-28,Fruit Salad Deluxe,95
863-33-6811,2022-03-25,Lettuce - Red Leaf,19
654-56-6143,2022-04-05,Soup - Campbells - Tomato,93
146-23-6941,2022-05-28,Wasabi Paste,56
791-56-6989,2022-04-08,Wine - Spumante Bambino White,64
331-41-4860,2022-03-15,Lid Coffeecup 12oz D9542b,69
122-72-5174,2022-04-07,Juice - Happy Planet,61
506-18-7748,2022-05-13,"Noodles - Cellophane, Thin",99
729-91-5828,2022-04-30,Bag - Clear 7 Lb,5
802-62-4428,2022-05-13,"Noodles - Cellophane, Thin",10
847-51-4012,2022-03-29,Pate - Cognac,96
598-02-3878,2022-06-08,Cookies Oatmeal Raisin,75
505-33-5053,2022-03-16,Squid U5 - Thailand,83
871-96-9538,2022-04-11,Samosa - Veg,1
686-45-1613,2022-05-04,V8 Pet,5
464-83-6888,2022-04-26,Bread - Malt,53
452-08-2295,2022-04-15,"Tabasco Sauce, 2 Oz",47
567-86-7231,2022-03-19,Sloe Gin - Mcguinness,34
202-30-6446,2022-05-26,Flower - Potmums,83
574-38-6481,2022-03-21,Salt And Pepper Mix - White,56
274-23-9977,2022-05-25,Eggwhite Frozen,98
302-34-0560,2022-05-26,Kohlrabi,80
441-06-7695,2022-04-30,Flower - Commercial Bronze,21
708-67-1181,2022-03-09,Tart - Raisin And Pecan,88
518-96-9254,2022-06-24,Onions - Green,5
209-35-6295,2022-04-05,"Pepper - Julienne, Frozen",44
845-37-0812,2022-06-14,Rabbit - Whole,22
518-62-2813,2022-05-14,Broom And Brush Rack Black,21
809-61-8528,2022-04-14,Magnotta - Bel Paese White,88
414-22-6425,2022-03-05,Carrots - Jumbo,44
408-03-1614,2022-05-29,Sprouts - Alfalfa,80
441-19-7741,2022-03-16,Chicken - Soup Base,67
579-44-1625,2022-04-13,Foam Tray S2,72
829-57-6449,2022-03-26,Appetizer - Tarragon Chicken,37
503-08-1917,2022-03-24,Tia Maria,15
250-86-1113,2022-05-14,Yogurt - Assorted Pack,62
117-95-9123,2022-05-17,Cabbage - Green,80
682-38-3245,2022-04-02,"Flour - Buckwheat, Dark",32
654-04-1477,2022-04-18,Chocolate Eclairs,83
714-92-4873,2022-05-13,Bread - Raisin,22
234-50-1818,2022-03-27,Nantucket Apple Juice,95
667-67-6865,2022-04-25,Carbonated Water - Raspberry,20
701-02-7162,2022-05-20,Table Cloth 62x120 Colour,24
247-10-4024,2022-06-03,Sansho Powder,78
206-77-6840,2022-06-01,Beef Cheek Fresh,12
568-27-5930,2022-03-09,Wine - Remy Pannier Rose,28
179-21-0857,2022-04-25,Beef - Ground Medium,6
279-36-0908,2022-06-14,Bread Foccacia Whole,66
571-81-6705,2022-06-02,Pastry - Butterscotch Baked,75
568-96-7734,2022-04-08,Cookie Dough - Chocolate Chip,91
743-27-0043,2022-05-17,Wine - Conde De Valdemar,1
439-31-9633,2022-03-29,Blouse / Shirt / Sweater,35
122-50-4761,2022-04-29,Pastry - Key Limepoppy Seed Tea,50
504-22-1714,2022-06-16,Shrimp - 31/40,43
558-32-2591,2022-06-05,Juice - Mango,21
696-33-6636,2022-04-17,"Soup - Clam Chowder, Dry Mix",32
144-53-0821,2022-03-03,Salt - Kosher,31
657-27-4998,2022-05-02,Urban Zen Drinks,89
275-15-0316,2022-03-25,Venison - Liver,15
392-06-7925,2022-04-29,"Wine - Sherry Dry Sack, William",61
680-32-2613,2022-04-17,"Chilli Paste, Ginger Garlic",95
878-25-9553,2022-06-18,"Oil - Shortening,liqud, Fry",36
140-92-0403,2022-03-13,Pie Pecan,69
808-51-1420,2022-05-11,Cleaner - Lime Away,49
341-47-1195,2022-06-04,"Shrimp - Baby, Cold Water",51
687-22-4131,2022-04-18,Pastry - Butterscotch Baked,36
440-05-5760,2022-06-21,Frangelico,30
679-05-6862,2022-05-28,Cheese - Bakers Cream Cheese,81
674-22-6724,2022-04-21,Hagen Daza - Dk Choocolate,53
571-03-5037,2022-03-20,Soupcontfoam16oz 116con,53
536-78-7975,2022-05-19,Cream Of Tartar,99
504-92-6287,2022-04-07,"Lentils - Red, Dry",69
526-62-9399,2022-06-17,"Juice - V8, Tomato",33
571-39-9729,2022-06-26,Chocolate - Mi - Amere Semi,84
412-46-3039,2022-03-04,Onions - Red Pearl,97
773-09-6760,2022-05-28,English Muffin,56
619-34-6765,2022-06-12,Pectin,9
751-39-0142,2022-05-08,Wine - Chardonnay South,27
659-57-0517,2022-03-30,Longos - Burritos,18
133-72-8604,2022-03-22,Sauce - Oyster,22
322-16-2633,2022-03-16,Jagermeister,29
382-63-7294,2022-05-22,Wine - Ruffino Chianti Classico,51
469-67-9602,2022-06-01,"Cheese - Romano, Grated",34
785-83-5756,2022-04-16,Sauce - Plum,67
782-83-6460,2022-05-25,Pastry - Butterscotch Baked,3
870-39-0757,2022-03-19,"Pail - 15l White, With Handle",72
522-79-1789,2022-06-24,Lamb Leg - Bone - In Nz,30
588-38-2823,2022-06-21,Tea - Lemon Scented,46
181-99-2348,2022-06-15,"Soup - Campbells, Cream Of",56
474-60-6933,2022-03-02,"Pasta - Lasagne, Fresh",16
855-95-8449,2022-03-27,Pea - Snow,74
513-72-4404,2022-05-26,"Stock - Beef, Brown",59
611-26-3422,2022-05-17,"Mustard - Dry, Powder",85
856-40-9429,2022-03-08,Pork - Sausage Casing,84
359-80-9044,2022-03-06,Flour - Strong,46
630-31-5892,2022-04-09,"Oregano - Dry, Rubbed",69
393-46-5252,2022-04-27,Cherries - Fresh,32
287-67-7181,2022-05-23,Calaloo,96
692-13-9677,2022-05-03,Shiro Miso,82
191-74-5724,2022-04-25,Sobe - Berry Energy,21
558-41-3999,2022-05-03,Juice - Lagoon Mango,81
619-73-1204,2022-06-13,Cheese - Cream Cheese,21
239-82-5498,2022-04-23,Creme De Cacao White,44
510-57-2846,2022-03-10,Ocean Spray - Ruby Red,22
511-60-9515,2022-06-19,Flour - All Purpose,46
536-40-0582,2022-06-10,Cheese - Brie Roitelet,1
659-30-2630,2022-03-04,Lettuce - Lambs Mash,26
195-50-1280,2022-04-29,Cheese - Montery Jack,66
227-39-4598,2022-03-24,Carrots - Jumbo,47
357-91-7886,2022-03-04,Sauce - Demi Glace,99
851-22-0251,2022-03-25,Canada Dry,45
353-77-5814,2022-06-26,Cabbage - Nappa,78
244-07-4861,2022-06-19,Juice - Cranberry 284ml,41
562-24-7734,2022-03-17,Coffee - Hazelnut Cream,63
248-31-9482,2022-03-24,Wine - Sauvignon Blanc Oyster,84
644-09-3906,2022-06-03,Pastry - Butterscotch Baked,69
840-50-3686,2022-05-29,Swiss Chard,41
805-74-0040,2022-04-10,Cheese - Goat,3
679-49-0145,2022-03-06,"Split Peas - Green, Dry",12
141-92-9131,2022-03-02,"Wine - Red, Metus Rose",23
366-43-1207,2022-03-23,Toothpick Frilled,31
210-17-8096,2022-05-15,"Wine - Magnotta - Red, Baco",51
241-91-6355,2022-04-01,Evaporated Milk - Skim,66
153-84-4751,2022-05-20,"Pasta - Fettuccine, Dry",57
125-77-7093,2022-03-07,Pheasants - Whole,20
521-08-2659,2022-04-02,Pepper - Cubanelle,11
718-32-0438,2022-05-14,Oneshot Automatic Soap System,3
469-74-9171,2022-03-23,Muffin Carrot - Individual,44
800-56-1192,2022-06-10,"Chocolate - Pistoles, Lactee, Milk",27
517-41-1388,2022-04-25,Pecan Raisin - Tarts,7
244-41-2605,2022-06-03,Cocoa Feuilletine,88
457-21-6737,2022-05-03,"Artichoke - Hearts, Canned",49
106-62-8803,2022-06-26,"Lentils - Red, Dry",42
745-21-8792,2022-06-11,"Turkey - Whole, Fresh",66
447-72-0108,2022-03-09,Muffin Mix - Chocolate Chip,3
281-50-9366,2022-05-03,Vol Au Vents,79
450-43-5108,2022-03-19,Cheese - Brie Roitelet,43
217-08-9015,2022-03-13,Bread - Petit Baguette,94
895-52-3200,2022-05-08,Bread - Assorted Rolls,9
569-52-8007,2022-06-05,Pastry - Choclate Baked,63
118-06-9996,2022-05-29,"Beef - Rib Roast, Capless",54
808-19-6665,2022-03-31,Grapes - Green,37
152-22-5702,2022-05-11,Cabbage - Savoy,70
279-27-7346,2022-05-06,Juice - Prune,75
123-41-8936,2022-06-19,Jam - Apricot,55
665-19-5654,2022-05-02,Lady Fingers,66
644-89-7805,2022-05-01,Table Cloth 53x53 White,35
533-38-3544,2022-04-06,Bar Mix - Lemon,87
111-59-2826,2022-03-21,Nescafe - Frothy French Vanilla,23
513-10-0663,2022-05-08,"Water - Mineral, Natural",45
253-94-7705,2022-05-08,"Soup - Canadian Pea, Dry Mix",35
139-15-9795,2022-05-02,Papadam,91
791-03-0807,2022-06-11,Milkettes - 2%,15
262-34-8997,2022-04-01,Oil - Macadamia,95
547-38-0102,2022-05-03,Rabbit - Legs,67
796-76-1792,2022-03-11,Jagermeister,25
399-95-3379,2022-04-26,"Capon - Breast, Wing On",80
362-97-3315,2022-03-09,Table Cloth 54x54 White,81
729-07-3400,2022-05-15,Muffin Mix - Corn Harvest,44
207-29-5996,2022-05-02,Leeks - Large,43
748-37-0011,2022-04-21,"Nut - Pecan, Halves",90
716-74-9481,2022-03-28,"Loaf Pan - 2 Lb, Foil",27
284-56-0112,2022-04-27,"Tomatoes - Vine Ripe, Red",42
192-65-8498,2022-03-31,Vector Energy Bar,44
899-45-7855,2022-06-16,"Hickory Smoke, Liquid",20
270-11-9312,2022-06-06,Compound - Pear,60
491-92-5190,2022-06-05,Swiss Chard - Red,40
827-50-7326,2022-05-02,Bar Bran Honey Nut,53
210-54-3099,2022-05-08,Rootbeer,87
327-69-4502,2022-03-21,Wine - Rosso Toscano Igt,69
719-18-3550,2022-04-15,Longan,43
389-96-9454,2022-04-15,Oil - Grapeseed Oil,9
207-27-2751,2022-03-15,"Wine - White, Ej",58
365-21-0355,2022-04-07,Cheese - Gorgonzola,95
514-19-0400,2022-03-30,Wine - Ice Wine,89
343-55-4575,2022-03-18,Melon - Watermelon Yellow,69
284-57-8027,2022-04-05,Pumpkin,47
439-03-1022,2022-04-06,Capers - Pickled,74
